{
  "version": "1.1.1",
  "windows": {
    "main": {
      "main": true,
      "url": "app://editor/index.html",
      "windowType": "dockable",
      "x": 1912,
      "y": -8,
      "width": 1936,
      "height": 1056,
      "layout": {
        "children": [
          {
            "children": [
              {
                "active": 0,
                "children": [
                  "hierarchy"
                ],
                "height": 467.25,
                "type": "panel",
                "width": 310
              },
              {
                "active": 0,
                "children": [
                  "assets"
                ],
                "height": 465.234375,
                "type": "panel",
                "width": 310
              }
            ],
            "height": 935.5,
            "type": "dock-v",
            "width": 310
          },
          {
            "children": [
              {
                "children": [
                  {
                    "active": 0,
                    "children": [
                      "scene"
                    ],
                    "height": 465.234375,
                    "type": "panel",
                    "width": 735.984375
                  },
                  {
                    "active": 0,
                    "children": [
                      "node-library"
                    ],
                    "height": 465.234375,
                    "type": "panel",
                    "width": 402
                  }
                ],
                "height": 465.234375,
                "type": "dock-h",
                "width": 1141
              },
              {
                "active": 2,
                "children": [
                  "console",
                  "timeline",
                  "game-window"
                ],
                "height": 467.25,
                "type": "panel",
                "width": 1141
              }
            ],
            "height": 935.5,
            "type": "dock-v",
            "width": 1141
          },
          {
            "active": 0,
            "children": [
              "inspector",
              "cocos-services"
            ],
            "height": 935.5,
            "type": "panel",
            "width": 463
          }
        ],
        "type": "dock-h"
      },
      "panels": [
        "hierarchy",
        "assets",
        "scene",
        "node-library",
        "console",
        "timeline",
        "game-window",
        "inspector",
        "cocos-services"
      ]
    },
    "worker": {}
  },
  "panels": {},
  "panelLabelWidth": {
    "inspector": null
  },
  "panelLabelWidth.inspector": null
}
